{
  "op1": {
    "edges": [
      0.0,
      0.3390804597701149,
      0.39655172413793105,
      0.43678160919540227,
      0.46551724137931033,
      0.5,
      0.5287356321839081,
      0.5632183908045977,
      0.603448275862069,
      0.6609195402298851,
      1.0
    ],
    "props": [
      0.09800785226116039,
      0.0997043284377878,
      0.10183704134554797,
      0.08273956667151375,
      0.1053754059425137,
      0.09456642916000194,
      0.10382434200959721,
      0.10203092433716253,
      0.10886529979157579,
      0.10304881004313897
    ]
  },
  "op2": {
    "edges": [
      0.0,
      0.16666666666666663,
      0.25,
      0.3333333333333333,
      0.41666666666666663,
      0.5,
      0.5833333333333334,
      0.6666666666666666,
      0.75,
      0.8333333333333334,
      1.0
    ],
    "props": [
      0.04808298192041103,
      0.09941350395036595,
      0.10198245358925888,
      0.09931656245455868,
      0.09834714749648588,
      0.10033444816053512,
      0.10164315835393341,
      0.09878338422761863,
      0.10009209442101692,
      0.15200426542581552
    ]
  },
  "s2": {
    "edges": [
      0.0,
      0.2560240963855197,
      0.31325301204818784,
      0.3584337349397481,
      0.3945783132530032,
      0.43072289156625826,
      0.47289156626505013,
      0.5150602409638421,
      0.5692771084337418,
      0.6475903614457887,
      1.0
    ],
    "props": [
      0.09689302505937666,
      0.10004362367311327,
      0.10295186854733168,
      0.09456642916000194,
      0.09810479375696766,
      0.10726576511075565,
      0.09883185497552227,
      0.0979109107653531,
      0.10169162910183704,
      0.10174009984974068
    ]
  },
  "s3": {
    "edges": [
      0.0,
      0.2607368650534119,
      0.31109657728362644,
      0.3499018966644847,
      0.38303902332679074,
      0.4155221277523413,
      0.44909526923915594,
      0.48659254414649833,
      0.5349901896664465,
      0.605406583823848,
      1.0
    ],
    "props": [
      0.09980126993359507,
      0.10004362367311327,
      0.10004362367311327,
      0.09955891619407688,
      0.09951044544617324,
      0.10052833115214968,
      0.10023750666472783,
      0.10014056516892056,
      0.09999515292520963,
      0.10014056516892056
    ]
  },
  "s4": {
    "edges": [
      0.0,
      0.2655300472653615,
      0.31785955435516416,
      0.35938555030384806,
      0.39871708305199,
      0.43534773801485416,
      0.47467927076299604,
      0.5180621201890623,
      0.5764686022957476,
      0.6650911546252546,
      1.0
    ],
    "props": [
      0.09980126993359507,
      0.10004362367311327,
      0.09984974068149871,
      0.10009209442101692,
      0.1001890359168242,
      0.09984974068149871,
      0.09989821142940236,
      0.1001890359168242,
      0.099946682177306,
      0.10014056516892056
    ]
  },
  "s7": {
    "edges": [
      0.0,
      0.3687600644122371,
      0.4492753623188403,
      0.5008051529790745,
      0.5410628019323761,
      0.5780998389694165,
      0.613526570048308,
      0.6505636070853484,
      0.6924315619967807,
      0.7423510466988842,
      1.0
    ],
    "props": [
      0.09955891619407688,
      0.10038291890843876,
      0.09926809170665503,
      0.09892879647132956,
      0.09863797198390771,
      0.10106150937908973,
      0.099946682177306,
      0.1018855120934516,
      0.09984974068149871,
      0.10047986040424604
    ]
  },
  "s9": {
    "edges": [
      0.0,
      0.10962038948218715,
      0.13151754464686904,
      0.14838912321636732,
      0.16207484519429555,
      0.1746836579018226,
      0.18774118280534882,
      0.2038499506416592,
      0.22852912142152096,
      0.2953872386251447,
      1.0
    ],
    "props": [
      0.09980126993359507,
      0.09984974068149871,
      0.1001890359168242,
      0.10004362367311327,
      0.09975279918569144,
      0.10009209442101692,
      0.10004362367311327,
      0.10009209442101692,
      0.10009209442101692,
      0.10004362367311327
    ]
  },
  "s11": {
    "edges": [
      0.0,
      0.214285714285714,
      0.2738095238095244,
      0.3154761904761912,
      0.35714285714285804,
      0.3928571428571409,
      0.43452380952380776,
      0.4821428571428544,
      0.5416666666666647,
      0.6428571428571419,
      1.0
    ],
    "props": [
      0.09199747952110901,
      0.10552081818622461,
      0.0945179584120983,
      0.09941350395036595,
      0.0952450196306529,
      0.10498763995928458,
      0.10653870389220106,
      0.09771702777373854,
      0.10387281275750085,
      0.1001890359168242
    ]
  },
  "s12": {
    "edges": [
      0.0,
      0.36247334754796445,
      0.452025586353927,
      0.5095948827292146,
      0.5565031982942288,
      0.5948827292110872,
      0.6332622601279213,
      0.6737739872068247,
      0.7206823027718631,
      0.7739872068230365,
      1.0
    ],
    "props": [
      0.09912267946294412,
      0.10052833115214968,
      0.09989821142940236,
      0.09960738694198051,
      0.09834714749648588,
      0.09713537879889486,
      0.1030972807910426,
      0.10169162910183704,
      0.10028597741263148,
      0.10028597741263148
    ]
  },
  "s14": {
    "edges": [
      0.0,
      0.1356177108060723,
      0.16131695737434337,
      0.1809268242336694,
      0.196201878418828,
      0.20951594591805356,
      0.22324285271958033,
      0.23955000516049196,
      0.26282382082774464,
      0.32413045721952977,
      1.0
    ],
    "props": [
      0.09999515292520963,
      0.09980126993359507,
      0.10023750666472783,
      0.09965585768988415,
      0.1001890359168242,
      0.10009209442101692,
      0.099946682177306,
      0.10004362367311327,
      0.09999515292520963,
      0.10004362367311327
    ]
  },
  "s17": {
    "edges": [
      0.0,
      0.25,
      0.3333333333333333,
      0.4166666666666667,
      0.5,
      0.5833333333333334,
      1.0
    ],
    "props": [
      0.023411371237458192,
      0.09800785226116039,
      0.2218990839028646,
      0.2639232223353206,
      0.19693664873248995,
      0.1958218215307062
    ]
  },
  "s20": {
    "edges": [
      0.0,
      0.3333333333333333,
      0.4031007751937956,
      0.45736434108526874,
      0.4961240310077527,
      0.5348837209302312,
      0.565891472868229,
      0.604651162790699,
      0.6434108527131774,
      0.6976744186046505,
      1.0
    ],
    "props": [
      0.0997043284377878,
      0.0866656972517086,
      0.09989821142940236,
      0.09282148223547089,
      0.10871988754786487,
      0.11220978139692696,
      0.08802287819301052,
      0.09921962095875139,
      0.10760506034608114,
      0.10513305220299549
    ]
  },
  "s21": {
    "edges": [
      0.0,
      0.3396851698425832,
      0.4225352112676022,
      0.47680198840099186,
      0.5201601767467546,
      0.5574426953880105,
      0.5947252140292713,
      0.6321458160729068,
      0.6746755040044163,
      0.7296326981496796,
      1.0
    ],
    "props": [
      0.099946682177306,
      0.09999515292520963,
      0.10004362367311327,
      0.09999515292520963,
      0.09984974068149871,
      0.09999515292520963,
      0.10014056516892056,
      0.09999515292520963,
      0.09999515292520963,
      0.10004362367311327
    ]
  }
}